<?xml version="1.0" encoding="UTF-8"?>
<project-private xmlns="http://www.netbeans.org/ns/project-private/1">
    <editor-bookmarks xmlns="http://www.netbeans.org/ns/editor-bookmarks/2" lastBookmarkId="0"/>
    <open-files xmlns="http://www.netbeans.org/ns/projectui-open-files/2">
        <group>
            <file>file:/C:/Users/LENOVO/Documents/NetBeansProjects/market/src/market/urunlerr.java</file>
            <file>file:/C:/Users/LENOVO/Documents/NetBeansProjects/market/src/market/Market.java</file>
            <file>file:/C:/Users/LENOVO/Documents/NetBeansProjects/market/src/market/MusteriGuncelleme.java</file>
            <file>file:/C:/Users/LENOVO/Documents/NetBeansProjects/market/src/market/tedarikci.java</file>
        </group>
    </open-files>
</project-private>
